Country (Institute),Target,Oligonucleotide,Sequence
NML (Canada),OPHA,NML_OPHA_F,GATGATGCAACTATATCATGTA
NML (Canada),OPHA,NML_OPHA_P,AGTGCTTGGTATAAGGAG
NML (Canada),OPHA,NML_OPHA_R,GTATAATTATCAAAATACAAGACG
NML (Canada),OPV,NML_OPV_F,TAATACTTCGATTGCTCATCCAGG
NML (Canada),OPV,NML_OPV_P,TCCTTTACGTGATAAATCAT
NML (Canada),OPV,NML_OPV_R,ACTTCTCACAAATGGATTTGAAAATC
NML (Canada),MPXB6R,NML_MPXB6R_F,ATTGGTCATTATTTTTGTCACAGGAACA
NML (Canada),MPXB6R,NML_MPXB6R_P,GGAGATTAGAAATA
NML (Canada),MPXB6R,NML_MPXB6R_R,AATGGCGTTGACAATTATGGGTG
